肩背包 日系簡約防水多口袋側背包包 托特包 公事包 筆電包 男 女 男包 現貨 NEW STAR BB41,1199
17.3吋 簡約輕商務 通勤/日常/旅行 防潑水大容量 手提肩背兩用平板筆電公事包,790
ELECOM 2WAY自立式公事包13.3吋F01-黑,1223
XDDESIGN BOBBY BIZZ 終極安全防盜公事包-國際版 黑色款 (桃品國際公司貨),3680
TUMI 三用公事包-黑色,19760
SHOULDCAT 都市魅力 14吋商務公事包 防潑水平板筆電包 輕量簡約手提包 男女通用款,690
CHOSEN 米蘭時尚高質感14吋頂級商務筆電包出差大容量公事包 手提包 斜背包 男女適用 20380-14,995
CHOSEN 新創設計多功能防潑水商務休閒旅行出差15.6吋筆電大容量後背包 公事包 手提包 H30180,1090
Targus CitySmart 12-14 吋 Multi-Fit 公事包 (TBT913AP),990
Targus CitySmart 14-15.6 吋 Multi-Fit 公事包 (TBT914AP),990
ELECOM 摩登城市ORGULLO公事包-自立型15.6吋黑,1399
【TRAVEL FOX 旅狐】簡約商務鑽紋公事包/側背包 (TB599-01) 黑色,545
CHOSEN 日本職人上班族簡約時尚風商務出差15.6吋筆電大容量手提包 公文包 公事包 10370-15,1090
VICTORINOX 瑞士維氏 電腦公事包(福利品),4099
側背包男 質感防水雙扣雙層大容量斜背包包 公事包 男 女 男包 現貨 NEW STAR BL170,1199
17吋 大容量時尚 筆電包 公事包 (CL099),1090
CHOSEN 米蘭時尚俐落設計感15.6吋頂級商務筆電包出差公事包 手提包 斜背包 男女適用 30380-15,1085
ELECOM 2WAY15.6吋UB簡約電腦公事包-黑灰,1399
TUMI SYCAMORE 公事包(皮革)-黑,22610
CHOSEN 法式時尚進口頂級真牛皮防水耐用14吋筆電包菁英大容量手提包公事包斜背包 H40390,2188
